{
  "employees": [
    {
      "id": "3",
      "employeeno": 103,
      "name": "Nazneen",
      "salary": 80000,
      "city": "Bhopal"
    },
    {
      "id": "4",
      "employeeno": 104,
      "name": "Sharad",
      "salary": 85000,
      "city": "Riva"
    },
    {
      "employeeno": "105",
      "name": "Ashfaq",
      "city": "Maharashta",
      "salary": "85000",
      "id": "5"
    },
    {
      "employeeno": "107",
      "name": "Addity Tawani",
      "city": "indor",
      "salary": "70000",
      "id": "2a4a"
    },
    {
      "employeeno": "108",
      "name": "Ankita ",
      "city": "Nasik ",
      "salary": "40000",
      "id": "8c8f"
    },
    {
      "id": "fc91",
      "employeeno": "110",
      "name": "hiba",
      "city": "Indore",
      "salary": "555000"
    },
    {
      "id": "f8c0",
      "customername": "MOHAMMAD ALIYAN",
      "phoneno": "04859612323",
      "email": "hibabpl83@gmail.com",
      "address": "h.no975 pratap nagar shymla hills Bhopal",
      "city": "",
      "date": "2024-10-06",
      "service": ""
    },
    {
      "id": "b626",
      "customername": "MOHAMMAD ALIYAN",
      "phoneno": "04859612323",
      "email": "hibabpl83@gmail.com",
      "address": "h.no975 pratap nagar shymla hills Bhopal",
      "city": "",
      "date": "2024-10-16",
      "service": ""
    },
    {
      "id": "57fd",
      "customername": "MOHAMMAD ALIYAN",
      "phoneno": "04859612323",
      "email": "hibabpl83@gmail.com",
      "address": "h.no975 pratap nagar shymla hills Bhopal",
      "city": "",
      "date": "2024-10-11",
      "service": ""
    },
    {
      "id": "eb40",
      "customername": "Rajender prshad mishra",
      "phoneno": "04859612323",
      "email": "rajender@123gmail.com",
      "address": "h.no975 pratap nagar shymla hills Bhopal",
      "city": "",
      "date": "2024-10-12",
      "service": ""
    },
    {
      "id": "830f",
      "customername": "Rajender prshad mishra",
      "phoneno": "9854632178",
      "email": "rajender@123gmail.com",
      "address": "h.no975 pratap nagar shymla hills Bhopal",
      "city": "",
      "date": "2024-10-08",
      "service": ""
    }
  ]
}